player_id,visible_s,appearances,ball_s,ball_touches,dist_m,walk_m,run_m,max_speed_ms,moving_pct,sprints,height_m_used
PLAYER_01,40.7,10,3.8,6,51.6,24.7,26.9,2.73,61.0,0,1.75
PLAYER_02,26.2,12,0.0,0,12.8,9.5,3.3,1.02,35.0,0,1.75
PLAYER_03,32.7,14,0.5,2,48.2,19.7,28.6,3.42,77.0,0,1.75
PLAYER_04,24.4,3,9.9,5,10.1,10.1,0.0,1.53,35.0,0,1.75
PLAYER_05,15.9,8,0.4,1,9.9,7.5,2.4,1.33,44.0,0,1.75
PLAYER_06,13.3,8,0.0,0,3.6,2.4,1.2,2.02,50.0,0,1.75
PLAYER_07,5.8,4,0.0,0,7.5,3.9,3.7,2.92,98.0,0,1.75
PLAYER_08,8.6,3,0.0,0,14.2,3.6,10.6,3.56,88.0,0,1.75
PLAYER_09,8.6,4,0.0,0,3.4,3.4,0.0,1.48,59.0,0,1.75
